id,name,read,pattern,sequence,feature_type,library_pattern
C0251,P1562_AK_2-TSC1-C0251,R2,5PNNNNNNNNNN(BC),GTCAACTCTTTAGCG,Antibody Capture,FgAl03
C0252,P1565_AK_2-TSC2-C0252,R2,5PNNNNNNNNNN(BC),TGATGGCCTATTGGG,Antibody Capture,FgAl03
C0253,P2133_AK_1-TSC3-C0253,R2,5PNNNNNNNNNN(BC),TTCCGCCTCTCTTTG,Antibody Capture,FgAl03
C0254,P2184_AK_1-TSC4-C0254,R2,5PNNNNNNNNNN(BC),AGTAAGTTCAGCGTA,Antibody Capture,FgAl03
C0256,P2194_AK_1-TSC6-C0256,R2,5PNNNNNNNNNN(BC),GGTTGCCAGATGTCA,Antibody Capture,FgAl03
C0257,P1674_AK_2-TSC7-C0257,R2,5PNNNNNNNNNN(BC),TGTCTTTCCTGCCAG,Antibody Capture,FgAl03
C0258,P1782_AK_1-TSC8-C0258,R2,5PNNNNNNNNNN(BC),CTCCTCTGCAATTAC,Antibody Capture,FgAl03
C0260,P1575_AK_2-TSC10-C0260,R2,5PNNNNNNNNNN(BC),ATTGACCCGCGTTAG,Antibody Capture,FgAl03
C0251,P1002_AL_3-TSC1-C0251,R2,5PNNNNNNNNNN(BC),GTCAACTCTTTAGCG,Antibody Capture,FgAl04
C0252,P1178_AL_1-TSC2-C0252,R2,5PNNNNNNNNNN(BC),TGATGGCCTATTGGG,Antibody Capture,FgAl04
C0253,P1435_AL_4-TSC3-C0253,R2,5PNNNNNNNNNN(BC),TTCCGCCTCTCTTTG,Antibody Capture,FgAl04
C0254,P1437_AL_3-TSC4-C0254,R2,5PNNNNNNNNNN(BC),AGTAAGTTCAGCGTA,Antibody Capture,FgAl04
C0256,P1441_AL_2-TSC6-C0256,R2,5PNNNNNNNNNN(BC),GGTTGCCAGATGTCA,Antibody Capture,FgAl04
C0257,P1020_AL_3-TSC7-C0257,R2,5PNNNNNNNNNN(BC),TGTCTTTCCTGCCAG,Antibody Capture,FgAl04
C0258,P1196_AL_4-TSC8-C0258,R2,5PNNNNNNNNNN(BC),CTCCTCTGCAATTAC,Antibody Capture,FgAl04
C0260,P1197_AL_2-TSC10-C0260,R2,5PNNNNNNNNNN(BC),ATTGACCCGCGTTAG,Antibody Capture,FgAl04
C0251,NIHW_00152-TSC1-C0251,R2,5PNNNNNNNNNN(BC),GTCAACTCTTTAGCG,Antibody Capture,FgAl05
C0252,NIHW_00033-TSC2-C0252,R2,5PNNNNNNNNNN(BC),TGATGGCCTATTGGG,Antibody Capture,FgAl05
C0253,NIHW_00101-TSC3-C0253,R2,5PNNNNNNNNNN(BC),TTCCGCCTCTCTTTG,Antibody Capture,FgAl05
C0254,NIHW_00364-TSC4-C0254,R2,5PNNNNNNNNNN(BC),AGTAAGTTCAGCGTA,Antibody Capture,FgAl05
C0256,NIHW_00422-TSC6-C0256,R2,5PNNNNNNNNNN(BC),GGTTGCCAGATGTCA,Antibody Capture,FgAl05
C0257,NIHW_00362-TSC7-C0257,R2,5PNNNNNNNNNN(BC),TGTCTTTCCTGCCAG,Antibody Capture,FgAl05
C0258,NIHW_00347-TSC8-C0258,R2,5PNNNNNNNNNN(BC),CTCCTCTGCAATTAC,Antibody Capture,FgAl05
C0260,NIHW_00334-TSC10-C0260,R2,5PNNNNNNNNNN(BC),ATTGACCCGCGTTAG,Antibody Capture,FgAl05
C0251,P1562_AK_2-TSC1-C0251,R2,5PNNNNNNNNNN(BC),GTCAACTCTTTAGCG,Antibody Capture,FgAl06
C0252,P1565_AK_2-TSC2-C0252,R2,5PNNNNNNNNNN(BC),TGATGGCCTATTGGG,Antibody Capture,FgAl06
C0253,P2133_AK_1-TSC3-C0253,R2,5PNNNNNNNNNN(BC),TTCCGCCTCTCTTTG,Antibody Capture,FgAl06
C0254,P2184_AK_1-TSC4-C0254,R2,5PNNNNNNNNNN(BC),AGTAAGTTCAGCGTA,Antibody Capture,FgAl06
C0256,P2194_AK_1-TSC6-C0256,R2,5PNNNNNNNNNN(BC),GGTTGCCAGATGTCA,Antibody Capture,FgAl06
C0257,P1674_AK_2-TSC7-C0257,R2,5PNNNNNNNNNN(BC),TGTCTTTCCTGCCAG,Antibody Capture,FgAl06
C0258,P1782_AK_1-TSC8-C0258,R2,5PNNNNNNNNNN(BC),CTCCTCTGCAATTAC,Antibody Capture,FgAl06
C0260,P1575_AK_2-TSC10-C0260,R2,5PNNNNNNNNNN(BC),ATTGACCCGCGTTAG,Antibody Capture,FgAl06
C0251,P1002_AL_3-TSC1-C0251,R2,5PNNNNNNNNNN(BC),GTCAACTCTTTAGCG,Antibody Capture,FgAl07
C0252,P1178_AL_1-TSC2-C0252,R2,5PNNNNNNNNNN(BC),TGATGGCCTATTGGG,Antibody Capture,FgAl07
C0253,P1435_AL_4-TSC3-C0253,R2,5PNNNNNNNNNN(BC),TTCCGCCTCTCTTTG,Antibody Capture,FgAl07
C0254,P1437_AL_3-TSC4-C0254,R2,5PNNNNNNNNNN(BC),AGTAAGTTCAGCGTA,Antibody Capture,FgAl07
C0256,P1441_AL_2-TSC6-C0256,R2,5PNNNNNNNNNN(BC),GGTTGCCAGATGTCA,Antibody Capture,FgAl07
C0257,P1020_AL_3-TSC7-C0257,R2,5PNNNNNNNNNN(BC),TGTCTTTCCTGCCAG,Antibody Capture,FgAl07
C0258,P1196_AL_4-TSC8-C0258,R2,5PNNNNNNNNNN(BC),CTCCTCTGCAATTAC,Antibody Capture,FgAl07
C0260,P1197_AL_2-TSC10-C0260,R2,5PNNNNNNNNNN(BC),ATTGACCCGCGTTAG,Antibody Capture,FgAl07
C0251,NIHW_00152-TSC1-C0251,R2,5PNNNNNNNNNN(BC),GTCAACTCTTTAGCG,Antibody Capture,FgAl08
C0252,NIHW_00033-TSC2-C0252,R2,5PNNNNNNNNNN(BC),TGATGGCCTATTGGG,Antibody Capture,FgAl08
C0253,NIHW_00101-TSC3-C0253,R2,5PNNNNNNNNNN(BC),TTCCGCCTCTCTTTG,Antibody Capture,FgAl08
C0254,NIHW_00364-TSC4-C0254,R2,5PNNNNNNNNNN(BC),AGTAAGTTCAGCGTA,Antibody Capture,FgAl08
C0256,NIHW_00330-TSC6-C0256,R2,5PNNNNNNNNNN(BC),GGTTGCCAGATGTCA,Antibody Capture,FgAl08
C0257,NIHW_00362-TSC7-C0257,R2,5PNNNNNNNNNN(BC),TGTCTTTCCTGCCAG,Antibody Capture,FgAl08
C0258,NIHW_00037-TSC8-C0258,R2,5PNNNNNNNNNN(BC),CTCCTCTGCAATTAC,Antibody Capture,FgAl08
C0260,NIHW_00334-TSC10-C0260,R2,5PNNNNNNNNNN(BC),ATTGACCCGCGTTAG,Antibody Capture,FgAl08
C0251,P1002_AL_3-TSC1-C0251,R2,5PNNNNNNNNNN(BC),GTCAACTCTTTAGCG,Antibody Capture,FgAl09
C0252,P1178_AL_1-TSC2-C0252,R2,5PNNNNNNNNNN(BC),TGATGGCCTATTGGG,Antibody Capture,FgAl09
C0253,P1435_AL_4-TSC3-C0253,R2,5PNNNNNNNNNN(BC),TTCCGCCTCTCTTTG,Antibody Capture,FgAl09
C0254,P1437_AL_3-TSC4-C0254,R2,5PNNNNNNNNNN(BC),AGTAAGTTCAGCGTA,Antibody Capture,FgAl09
C0256,P1441_AL_2-TSC6-C0256,R2,5PNNNNNNNNNN(BC),GGTTGCCAGATGTCA,Antibody Capture,FgAl09
C0257,P1020_AL_3-TSC7-C0257,R2,5PNNNNNNNNNN(BC),TGTCTTTCCTGCCAG,Antibody Capture,FgAl09
C0258,P1196_AL_4-TSC8-C0258,R2,5PNNNNNNNNNN(BC),CTCCTCTGCAATTAC,Antibody Capture,FgAl09
C0260,P1197_AL_2-TSC10-C0260,R2,5PNNNNNNNNNN(BC),ATTGACCCGCGTTAG,Antibody Capture,FgAl09
